GoodsID,GoodsTitle,Category,SubCategory,PriceCNY,RetailPriceUSD,DeliveryTimeDays,WeightKg,StockCount,FactoryName,Certifications,SkuCount,CoverImageUrl,CreatedAt
82,"1PC 8骨 可折叠自动伞晴雨伞（内印）","晴雨伞","",0,0,"24-48小时",0,0,"源头工厂认证","",0,"https://taojin-prod-public-assets.oss-cn-hangzhou.aliyuncs.com/v2/product/goods-image/2026/08/07/fe641f07-1d2d-440f-a9ed-2749abb23c79.png",""
81,"1PC  8骨  可折叠自动伞晴雨伞","晴雨伞","",0,0,"24-48小时",0,0,"源头工厂认证","",0,"https://taojin-prod-public-assets.oss-cn-hangzhou.aliyuncs.com/v2/product/goods-image/2026/08/07/ea143124-e293-43c0-9a7b-832e95825f6d.png",""
80,"1PC  装饰 木框画","木框画","",0,0,"1",0,0,"源头工厂认证","",0,"https://taojin-prod-public-assets.oss-cn-hangzhou.aliyuncs.com/v2/product/goods-image/2026/08/05/ba9a21f6-442b-48d7-8510-afcd9961128e.png",""
79,"1PC 木制 火柴盒","火柴盒","",0,0,"1",0,0,"源头工厂认证","",0,"https://taojin-prod-public-assets.oss-cn-hangzhou.aliyuncs.com/v2/product/goods-image/2026/08/04/74fb3c45-39fa-4d64-9a5d-1f03e94051f1.png",""
78,"1PC 金属  平顶打火机壳","打火机壳","",0,0,"1",0,0,"源头工厂认证","",0,"https://taojin-prod-public-assets.oss-cn-hangzhou.aliyuncs.com/v2/product/goods-image/2026/08/04/0c593692-600a-418a-ad4d-ac957a9dc451.png",""
77,"1PC  ABS 狗狗牵引绳（可伸缩长度3M）","牵引绳","",0,0,"1",0,0,"源头工厂认证","",0,"https://taojin-prod-public-assets.oss-cn-hangzhou.aliyuncs.com/v2/product/goods-image/2026/08/03/d2104ccb-828d-43fb-be5d-9b9fcb6e61f0.png",""
76,"1PC  金属  长方形烟灰缸","车载烟灰缸","",0,0,"1",0,0,"源头工厂认证","",0,"https://taojin-prod-public-assets.oss-cn-hangzhou.aliyuncs.com/v2/product/goods-image/2026/07/31/3a86e5ce-deb4-4e46-9467-38464e7e5533.jpg",""
75,"1PC  木制  迷你椭圆黑框画","照片摆台","",0,0,"1",0,0,"源头工厂认证","",0,"https://taojin-prod-public-assets.oss-cn-hangzhou.aliyuncs.com/v2/product/goods-image/2026/07/31/29b17e48-ec0f-4382-92c8-6012b436e98e.png",""
74,"1PC 金属 马口铁盒","桌面收纳盒","",0,0,"1",0,0,"源头工厂认证","",0,"https://taojin-prod-public-assets.oss-cn-hangzhou.aliyuncs.com/v2/product/goods-image/2026/07/30/b2be4c26-4753-43de-a62d-c0f5d1981455.png",""
73,"1PC  塑料  定制烟盒","定制烟盒","",0,0,"1",0,0,"源头工厂认证","",0,"https://taojin-prod-public-assets.oss-cn-hangzhou.aliyuncs.com/v2/product/goods-image/2026/07/30/c3eb1276-b9ed-4c56-a666-3b31699af3bb.png",""
72,"2PCS  木制  DIY圆形编织木板","DIY编织木板","",0,0,"1",0,0,"源头工厂认证","",0,"https://taojin-prod-public-assets.oss-cn-hangzhou.aliyuncs.com/v2/product/goods-image/2026/07/30/c09140d8-2dbb-4086-a4bb-c63ba965713e.png",""
71,"2PCS  木制 DIY椭圆编织木板","DIY编织木板","",0,0,"1",0,0,"源头工厂认证","",0,"https://taojin-prod-public-assets.oss-cn-hangzhou.aliyuncs.com/v2/product/goods-image/2026/07/30/a329a80d-b3ae-4f2a-b76d-7766eb64325c.png",""
70,"1PC 木制  椭圆形针盒","桌面收纳盒","",0,0,"1",0,0,"源头工厂认证","",0,"https://taojin-prod-public-assets.oss-cn-hangzhou.aliyuncs.com/v2/product/goods-image/2026/07/30/6bad0e81-94f4-45d4-83b5-94e338a5d245.png",""
69,"1PC 木制 方形针盒","桌面收纳盒","",0,0,"1",0,0,"源头工厂认证","",0,"https://taojin-prod-public-assets.oss-cn-hangzhou.aliyuncs.com/v2/product/goods-image/2026/07/30/21feb3ab-6f9e-4ccd-8d1e-47de4936eec9.png",""
68,"1PC 帆布  手提袋(黑色提手）","收纳包","",0,0,"24-48小时",0,0,"源头工厂认证","",0,"https://taojin-prod-public-assets.oss-cn-hangzhou.aliyuncs.com/v2/product/goods-image/2026/07/29/e6998bb6-30c9-4ea8-83fa-73e229143c62.png",""
67,"1PC  桌面 木制阅读架","阅读支架","",0,0,"1",0,0,"源头工厂认证","",0,"https://taojin-prod-public-assets.oss-cn-hangzhou.aliyuncs.com/v2/product/goods-image/2026/07/29/929c2d79-f651-490c-aba8-99c714c858ab.jpg",""
66,"1PC  墙壁  装饰木架","壁架","",0,0,"1",0,0,"源头工厂认证","",0,"https://taojin-prod-public-assets.oss-cn-hangzhou.aliyuncs.com/v2/product/goods-image/2026/07/29/644a3dc2-cf16-432f-8de9-09417aebdba3.jpg",""
65,"1PC 亚克力  透光烛台","亚克力桌面摆台","",0,0,"1",0,0,"源头工厂认证","",0,"https://taojin-prod-public-assets.oss-cn-hangzhou.aliyuncs.com/v2/product/goods-image/2026/07/29/33d79c2b-3ebf-4786-8549-e072b3ece305.png",""
64,"1PC  爱心把手  马克杯","爱心把手马克杯","",0,0,"24-48小时",0,0,"源头工厂认证","",0,"https://taojin-prod-public-assets.oss-cn-hangzhou.aliyuncs.com/v2/product/goods-image/2026/07/29/847c27ed-f09a-447a-86ea-78dea213ab42.png",""
63,"1PC  木制  手机支架","折叠手机支架","",0,0,"1",0,0,"源头工厂认证","",0,"https://taojin-prod-public-assets.oss-cn-hangzhou.aliyuncs.com/v2/product/goods-image/2026/07/29/9c7dcc75-4807-4c91-926f-0dfa7a2d3a40.png",""
61,"1PC   TPU定制  半包软壳（多型号可选）","透明软壳","",0,0,"1",0,0,"源头工厂认证","",0,"https://taojin-prod-public-assets.oss-cn-hangzhou.aliyuncs.com/v2/product/goods-image/2026/07/22/10fb5d20-5079-46ea-80c9-de3df999ad00.png",""
60,"1PC   节日  车库门帘","入户门垫","",0,0,"24-48小时",0,0,"源头工厂认证","",0,"https://taojin-prod-public-assets.oss-cn-hangzhou.aliyuncs.com/v2/product/goods-image/2026/07/22/b3bb7c06-bbce-49c1-a757-541fe4645e5c.png",""
59,"4PCS  家用  亚麻餐垫","餐垫","",0,0,"24-48小时",0,0,"源头工厂认证","",0,"https://taojin-prod-public-assets.oss-cn-hangzhou.aliyuncs.com/v2/product/goods-image/2026/07/22/34868fc2-189f-40d9-946f-55447a784518.jpg",""
58,"1PC   家用  亚麻桌旗","餐垫","",0,0,"24-48小时",0,0,"源头工厂认证","",0,"https://taojin-prod-public-assets.oss-cn-hangzhou.aliyuncs.com/v2/product/goods-image/2026/07/22/e7711d40-721a-4c22-b601-a9a57064673e.png",""
57,"1PC  无纺布  收纳箱","收纳包","",0,0,"24-48小时",0,0,"源头工厂认证","",0,"https://taojin-prod-public-assets.oss-cn-hangzhou.aliyuncs.com/v2/product/goods-image/2026/08/03/9b5c9f55-87d7-47cc-9b94-e093bdae3397.png",""
56,"1PC  亚麻 拉链化妆包","化妆包","",0,0,"24-48小时",0,0,"源头工厂认证","",0,"https://taojin-prod-public-assets.oss-cn-hangzhou.aliyuncs.com/v2/product/goods-image/2026/07/31/e3bb59e2-e5b2-4080-a012-61fddbf90fd4.png",""
55,"1PC  涤纶  祈祷垫","祈祷垫","",0,0,"24-48小时",0,0,"源头工厂认证","",0,"https://taojin-prod-public-assets.oss-cn-hangzhou.aliyuncs.com/v2/product/goods-image/2026/07/15/bd6b437a-8647-4de7-a3e1-d49a5d13a054.png",""
54,"1PC  单面  桃皮绒挂毯","挂毯","",0,0,"24-48小时",0,0,"源头工厂认证","",0,"https://taojin-prod-public-assets.oss-cn-hangzhou.aliyuncs.com/v2/product/goods-image/2026/07/13/6bba259b-5fa8-4d37-8ffc-6fe8664a26d7.png",""
53,"1PC  涤纶  门帘","印花门帘","",0,0,"24-48小时",0,0,"源头工厂认证","",0,"https://taojin-prod-public-assets.oss-cn-hangzhou.aliyuncs.com/public/prod/product/202607/08/2772/65910da7-bb92-4a0f-a0b4-a34b52045662.png",""
52,"1PC  涤纶  户外天幕","户外天幕","",0,0,"1",0,0,"源头工厂认证","",0,"https://taojin-prod-public-assets.oss-cn-hangzhou.aliyuncs.com/public/prod/product/202607/08/2772/5a85c868-3b78-4b4e-8b83-4e570e0936de.jpeg",""
51,"1PC  涤纶  户外窗帘","窗帘","",0,0,"1",0,0,"源头工厂认证","",0,"https://taojin-prod-public-assets.oss-cn-hangzhou.aliyuncs.com/public/prod/product/202607/08/2772/0c00d5fe-48c2-4c7c-a7f8-fdd498392df6.png",""
50,"2PCS  涤纶  汽车头枕套（双面打印）","座椅头枕套","",0,0,"24-48小时",0,0,"源头工厂认证","",0,"https://taojin-prod-public-assets.oss-cn-hangzhou.aliyuncs.com/public/prod/product/202607/07/2772/c279ac1d-4756-448e-aebd-2ffd17724852.jpeg",""
49,"1PC  涤纶  通用矩形桌布","矩形桌布","",0,0,"24-48小时",0,0,"源头工厂认证","",0,"https://taojin-prod-public-assets.oss-cn-hangzhou.aliyuncs.com/public/prod/product/202607/03/2772/dd193961-955e-49b4-9517-6a9c5a48db1f.png",""
48,"1PC 涤纶  行李箱套","行李箱套","",0,0,"24-48小时",0,0,"源头工厂认证","",0,"https://taojin-prod-public-assets.oss-cn-hangzhou.aliyuncs.com/public/prod/product/202607/03/2772/0c624c96-4834-4793-b9fe-0d0480ef8bd6.jpeg",""
47,"复古  涤纶  方形枕套（双面打印）","方形抱枕套","",0,0,"24-48小时",0,0,"源头工厂认证","",0,"https://taojin-prod-public-assets.oss-cn-hangzhou.aliyuncs.com/v2/product/goods-image/2026/07/25/a7029aee-4515-45e0-8110-a4086cff1c8b.png",""
46,"百搭   涤纶   单蝴蝶发夹","蝴蝶发夹","",0,0,"24-48小时",0,0,"源头工厂认证","",0,"https://taojin-prod-public-assets.oss-cn-hangzhou.aliyuncs.com/public/prod/product/202607/02/2772/96eb5d61-7fb9-44ba-860c-7e4f0a9e8164.jpg",""
45,"1PC  涤纶  双面花园旗","花园旗帜","",0,0,"24-48小时",0,0,"源头工厂认证","",0,"https://taojin-prod-public-assets.oss-cn-hangzhou.aliyuncs.com/public/prod/product/202607/02/2772/a27eb20c-613c-4a71-bcdf-c4cc263593e3.png",""
44,"1PC  涤纶   厨房围裙","半身围裙","",0,0,"24-48小时",0,0,"源头工厂认证","",0,"https://taojin-prod-public-assets.oss-cn-hangzhou.aliyuncs.com/public/prod/product/202607/01/2772/04c2633a-0b34-4f24-9629-c8b866ddc048.png",""
42,"家用 涤纶  脏衣收纳篓","脏衣篓","",0,0,"24-48小时",0,0,"源头工厂认证","",0,"https://taojin-prod-public-assets.oss-cn-hangzhou.aliyuncs.com/v2/product/goods-image/2026/08/05/7c6f9eb7-454a-4e84-9e8b-0541eea29591.png",""
41,"1pc  涤纶  圆形桌布","圆形桌布","",0,0,"24-48小时",0,0,"源头工厂认证","",0,"https://taojin-prod-public-assets.oss-cn-hangzhou.aliyuncs.com/public/prod/product/202607/01/2772/a69591af-f849-4338-9c27-d2d5bdd119b6.png",""
40,"1pc 户外折叠  沙滩椅垫","沙滩椅垫","",0,0,"24-48小时",0,0,"源头工厂认证","",0,"https://taojin-prod-public-assets.oss-cn-hangzhou.aliyuncs.com/public/prod/product/202606/25/2772/f185b00f-3110-45e0-b256-8b30cd4479cf.png",""
39,"1pc  涤纶  骑行雨披","沙滩椅垫","",0,0,"24-48小时",0,0,"源头工厂认证","",0,"https://taojin-prod-public-assets.oss-cn-hangzhou.aliyuncs.com/v2/product/goods-image/2026/08/08/0f8d11a2-9786-4711-a625-13591323bf4e.png",""
38,"1PC  涤纶  休闲桌椅马蹄垫","沙发桌椅套","",0,0,"24-48小时",0,0,"源头工厂认证","",0,"https://taojin-prod-public-assets.oss-cn-hangzhou.aliyuncs.com/v2/product/goods-image/2026/08/05/dbe3152b-6d2b-41f3-88ae-4b76002681bb.png",""
36,"家用 竹木 无凹槽砧板","竹木砧板","",0,0,"24-48小时",0,0,"源头工厂认证","",0,"https://taojin-prod-public-assets.oss-cn-hangzhou.aliyuncs.com/public/prod/product/202606/05/2772/f0ae26ec-737d-444f-a169-866873e043dc.jpeg",""
35,"家用  竹木  5件装烹饪器具套装","竹木砧板","",0,0,"24-48小时",0,0,"源头工厂认证","",0,"https://taojin-prod-public-assets.oss-cn-hangzhou.aliyuncs.com/public/prod/product/202606/05/2772/26e7d25d-90d0-4422-8813-5960ca0cf986.jpeg",""
34,"女士  涤纶  大码浴裙套装","浴裙套装","",0,0,"24-48小时",0,0,"源头工厂认证","",0,"https://taojin-prod-public-assets.oss-cn-hangzhou.aliyuncs.com/v2/product/goods-image/2026/08/08/e8ae2201-6e7e-4f9a-9d30-466221a10abe.png",""
33,"户外     高尔夫打孔毛巾(多规格可选）","高尔夫毛巾","",0,0,"24-48小时",0,0,"源头工厂认证","",0,"https://taojin-prod-public-assets.oss-cn-hangzhou.aliyuncs.com/v2/product/goods-image/2026/07/24/cba07775-5a3f-48c3-9052-4f5fc61d27e2.jpg",""
31,"1PC  涤纶  单人/多人沙发套","沙发桌椅套","",0,0,"24-48小时",0,0,"源头工厂认证","",0,"https://taojin-prod-public-assets.oss-cn-hangzhou.aliyuncs.com/public/prod/product/202606/18/2772/b639e4cd-244f-415a-b4c8-89101f749505.png",""
25,"4PCS  涤纶  浴室帘垫套装（浴帘+地垫）","帘垫套装","",0,0,"24-48小时",0,0,"源头工厂认证","",0,"https://taojin-prod-public-assets.oss-cn-hangzhou.aliyuncs.com/public/prod/product/202606/07/2772/82dd904a-2999-4e32-a27e-9ae10ce9f5ba.jpg",""
24,"日用  涤纶  午睡盖毯","法兰绒午睡毯","",0,0,"24-48小时",0,0,"源头工厂认证","",0,"https://taojin-prod-public-assets.oss-cn-hangzhou.aliyuncs.com/public/prod/product/202606/10/2772/03ce6af8-6088-4808-8977-19c498e4609e.jpg",""
23,"3mm厚   涤纶  超大咖啡机垫","超大桌垫","",0,0,"24-48小时",0,0,"源头工厂认证","",0,"https://taojin-prod-public-assets.oss-cn-hangzhou.aliyuncs.com/public/prod/product/202606/07/2772/3443fccd-00d6-4422-82ee-7ceda987df67.jpg",""
22,"3mm厚  橡胶  方形鼠标垫","方形鼠标垫","",0,0,"24-48小时",0,0,"源头工厂认证","",0,"https://taojin-prod-public-assets.oss-cn-hangzhou.aliyuncs.com/public/prod/product/202606/18/2772/d88d1cad-4ad1-4868-ba1f-6188c36e0687.png",""
21,"1PC  超细纤维  多尺寸沙滩巾","沙滩巾","",0,0,"24-48小时",0,0,"源头工厂认证","",0,"https://taojin-prod-public-assets.oss-cn-hangzhou.aliyuncs.com/public/prod/product/202606/18/2772/c6ad385e-e829-4dca-a869-52bc17b9992e.png",""
19,"2PCS  涤纶  厨房餐盘擦手巾","擦布","",0,0,"24-48小时",0,0,"源头工厂认证","",0,"https://taojin-prod-public-assets.oss-cn-hangzhou.aliyuncs.com/public/prod/product/202606/07/2772/bcb2899b-eb75-4d8a-9750-2120194606d4.jpg",""
18,"日用  超细纤维  干发帽","头带","",0,0,"24-48小时",0,0,"源头工厂认证","",0,"https://taojin-prod-public-assets.oss-cn-hangzhou.aliyuncs.com/public/prod/product/202606/10/2772/104bd1a2-10c3-498b-a75a-38535448eebe.jpg",""
17,"常用 涤纶 矩形眼镜布","眼镜布","",0,0,"24-48小时",0,0,"源头工厂认证","",0,"https://taojin-prod-public-assets.oss-cn-hangzhou.aliyuncs.com/public/prod/product/202606/07/2772/c0fddd1e-e6c4-4bbb-984f-8151fe99da22.jpg",""
13,"女士  涤纶  活结束发带","头带","",0,0,"24-48小时",0,0,"源头工厂认证","",0,"https://taojin-prod-public-assets.oss-cn-hangzhou.aliyuncs.com/public/prod/product/202606/07/2772/31fabfa0-acac-41d4-8a5f-1eb532aac1c0.jpg",""
12,"3PCS  涤纶  舒适猫狗盖毯","宠物毯","",0,0,"24-48小时",0,0,"源头工厂认证","",0,"https://taojin-prod-public-assets.oss-cn-hangzhou.aliyuncs.com/public/prod/product/202606/18/2772/db30e5a3-55d7-44ac-92d2-1be835cb2a71.png",""
9,"男士 涤纶  多用浴裙","男士浴裙","",0,0,"24-48小时",0,0,"源头工厂认证","",0,"https://taojin-prod-public-assets.oss-cn-hangzhou.aliyuncs.com/public/prod/product/202606/07/2772/5da9074f-9ee0-4952-85ba-86c6d028e441.jpg",""
8,"母婴 涤纶  通用隔尿垫","儿童隔尿垫","",0,0,"24-48小时",0,0,"源头工厂认证","",0,"https://taojin-prod-public-assets.oss-cn-hangzhou.aliyuncs.com/public/prod/product/202606/18/2772/b3e9e808-ec25-415f-8136-047d73f4d7a3.png",""
6,"女士 涤纶 浴裙套装 （浴裙+干发帽）","浴裙套装","",0,0,"24-48小时",0,0,"源头工厂认证","",0,"https://taojin-prod-public-assets.oss-cn-hangzhou.aliyuncs.com/v2/product/goods-image/2026/08/08/499162ea-3b47-48c1-96ae-e8db3fb3908f.png",""
5,"1PC 帆布  拉链化妆包","化妆包","",0,0,"24-48小时",0,0,"源头工厂认证","",0,"https://taojin-prod-public-assets.oss-cn-hangzhou.aliyuncs.com/v2/product/goods-image/2026/07/31/b8e32546-0d2c-434c-b098-74ef532647a6.png",""
4,"1PC  涤纶  休闲健身束口袋","束口袋","",0,0,"24-48小时",0,0,"源头工厂认证","",0,"https://taojin-prod-public-assets.oss-cn-hangzhou.aliyuncs.com/v2/product/goods-image/2026/08/10/e1051f70-ba3e-4ed4-ab2a-80435ceecad0.png",""
3,"女士 涤纶 单肩沙滩包","横款托特包","",0,0,"24-48小时",0,0,"源头工厂认证","",0,"https://taojin-prod-public-assets.oss-cn-hangzhou.aliyuncs.com/v2/product/goods-image/2026/07/24/d1d7acd3-84a5-4bf8-aedd-d8960f6539eb.png",""
2,"女士 涤纶 交叉束发带","头带","",0,0,"24-48小时",0,0,"源头工厂认证","",0,"https://taojin-prod-public-assets.oss-cn-hangzhou.aliyuncs.com/v2/product/goods-image/2026/07/31/d060b455-72d6-4ef9-9a15-b4c677d7b23b.png",""
1,"女士 涤纶 多功能头巾","头带","",0,0,"24-48小时",0,0,"源头工厂认证","",0,"https://taojin-prod-public-assets.oss-cn-hangzhou.aliyuncs.com/v2/product/goods-image/2026/07/30/95aefc8c-f32c-4f4c-a5f6-d01836344c35.png",""