"候选排名","品类","状态","初测适配分","供应商品数","供应字段覆盖率","入门SKU供货价中位数CNY","入门SKU物流参考重中位数g","全部SKU最低报价CNY","全部SKU最高报价CNY","推荐商品ID","理由","待验证","市场销量已验证","上次排名","名次提升","变化类型"
"1","化妆包","candidate","98.4","3","100","3","60","3","3.3","56;96;5","小件拉链袋可复用平面印花与样机流程，先测图案、容量和拉链质量。；各商品入门SKU供货价中位数 ¥3（不含运费/包装/售后）；各商品同SKU物流参考重中位数 60g","供应端便宜不能证明终端售价和需求；现有 THunt 销量冲突尚未解决；标题使用帆布、亚麻等名称，但目录成分均为涤纶；不能据标题宣称天然亚麻；拉链顺滑度、内衬和实物容量需要样品验证；覆盖当前来源 3 款，均来自同一目录，供应商独立性未核验；需求、竞争、真实核价与利润证据未齐，不作为销量或盈利预测","否","1","0","unchanged"
"2","花园旗","candidate","98.1","1","100","3.6","84","3.6","3.6","45","平面布艺、规格较少，适合复用图案做低投入样品验证。；各商品入门SKU供货价中位数 ¥3.6（不含运费/包装/售后）；各商品同SKU物流参考重中位数 84g","旗杆是否包含、双面透色和户外耐候性需要核对；节日图案的销量与上架窗口尚未验证；当前只有1款供应商品；不能代表整个市场或供应商多样性；需求、竞争、真实核价与利润证据未齐，不作为销量或盈利预测","否","2","0","unchanged"
"3","束口袋","candidate","97.8","1","100","5","85","5","6.8","4","平面图案空间明确、结构较简单，可从单一尺码开始测试。；各商品入门SKU供货价中位数 ¥5（不含运费/包装/售后）；各商品同SKU物流参考重中位数 85g","抽绳和接缝承重尚未验证；不同尺寸不可混用同一售价假设；当前只有1款供应商品；不能代表整个市场或供应商多样性；需求、竞争、真实核价与利润证据未齐，不作为销量或盈利预测","否","3","0","unchanged"
"4","桌旗","candidate","95.5","1","100","5","120","5","7.5","58","布艺长条平面图案可复用，优先单一桌长规格。；各商品入门SKU供货价中位数 ¥5（不含运费/包装/售后）；各商品同SKU物流参考重中位数 120g","源站归入餐垫，已按商品标题单独分组；垂坠、缩水与尺寸描述需要实测；当前只有1款供应商品；不能代表整个市场或供应商多样性；需求、竞争、真实核价与利润证据未齐，不作为销量或盈利预测","否","4","0","unchanged"
"5","帆布手提袋","candidate","93.1","1","100","6.1","134.4","6.1","6.1","68","已有印花流程可复用，单一袋型适合图案测试。；各商品入门SKU供货价中位数 ¥6.1（不含运费/包装/售后）；各商品同SKU物流参考重中位数 134.4g","标题写帆布但目录材质为涤纶，须确认手感与成分；提手缝线和承重需要实测；当前只有1款供应商品；不能代表整个市场或供应商多样性；需求、竞争、真实核价与利润证据未齐，不作为销量或盈利预测","否","5","0","unchanged"
"6","围裙","candidate","90.9","1","100","6.3","144","6.3","6.3","44","布艺图案和样机可复用，版型较少时易于试款。；各商品入门SKU供货价中位数 ¥6.3（不含运费/包装/售后）；各商品同SKU物流参考重中位数 144g","长度、系带舒适度和实际覆盖范围需要核对；当前只有1款供应商品；不能代表整个市场或供应商多样性；需求、竞争、真实核价与利润证据未齐，不作为销量或盈利预测","否","6","0","unchanged"
"7","眼镜布","candidate","90.6","1","100","2.1","45","2.1","16.2","17","物流和供货门槛低，但须先证明清洁性能与可接受售价。；各商品入门SKU供货价中位数 ¥2.1（不含运费/包装/售后）；各商品同SKU物流参考重中位数 45g","低单价可能难覆盖固定履约费用，当前无毛利证据；不伤镜片、掉绒与清洁效果不可仅凭印花工艺推断；当前只有1款供应商品；不能代表整个市场或供应商多样性；需求、竞争、真实核价与利润证据未齐，不作为销量或盈利预测","否","7","0","unchanged"
"8","餐垫与布艺杯垫","candidate","90.6","2","100","6.75","152.4","3.3","10.2","88;59","图案套系可沿用，但包装套数和隔热主张需要核对。；各商品入门SKU供货价中位数 ¥6.75（不含运费/包装/售后）；各商品同SKU物流参考重中位数 152.4g","餐垫与杯垫用途不同，统计是供给范围而非同规格价格比较；耐热、防滑、防污效果没有实测证据；覆盖当前来源 2 款，均来自同一目录，供应商独立性未核验；需求、竞争、真实核价与利润证据未齐，不作为销量或盈利预测","否","8","0","unchanged"
"9","发带、头巾与干发帽","candidate","90.2","5","100","4.9","100","3.6","17.5","13;2;46","轻量布艺可扩展图案，贴肤与弹性体验需先打样。；各商品入门SKU供货价中位数 ¥4.9（不含运费/包装/售后）；各商品同SKU物流参考重中位数 100g","合并了不同用途，不能将干发帽与发带的成本视为同款比较；松紧、吸水性、掉色和金属配件会影响体验；覆盖当前来源 5 款，均来自同一目录，供应商独立性未核验；需求、竞争、真实核价与利润证据未齐，不作为销量或盈利预测","否","9","0","unchanged"
"10","鼠标垫与桌垫","candidate","87.5","2","100","5.05","312.5","4","10.9","23;22","平面印花复用度高，需验证橡胶重量和边缘工艺。；各商品入门SKU供货价中位数 ¥5.05（不含运费/包装/售后）；各商品同SKU物流参考重中位数 312.5g","大幅橡胶底可能带来较高运费；气味、卷曲和边缘脱胶需要实测；覆盖当前来源 2 款，均来自同一目录，供应商独立性未核验；需求、竞争、真实核价与利润证据未齐，不作为销量或盈利预测","否","10","0","unchanged"
"11","毛巾、沙滩巾与擦手巾","candidate","85.5","3","100","6","180","3.7","20.5","21;33;19","可复用印花，但吸水和手感比图案更需先验证。；各商品入门SKU供货价中位数 ¥6（不含运费/包装/售后）；各商品同SKU物流参考重中位数 180g","用途差异较大，不能直接把最便宜尺寸视为全类代表；吸水、掉绒与色牢度未知；覆盖当前来源 3 款，均来自同一目录，供应商独立性未核验；需求、竞争、真实核价与利润证据未齐，不作为销量或盈利预测","否","11","0","unchanged"
"12","挂毯与装饰门帘","candidate","85.4","4","100","8","146.25","6.2","28","54;97;53","大幅平面印花可复用，但尺寸、安装与使用位置需要核对。；各商品入门SKU供货价中位数 ¥8（不含运费/包装/售后）；各商品同SKU物流参考重中位数 146.25g","车库门帘在源站误归门垫，已按标题纳入本组；壁炉装饰靠近热源的适用性未经验证，不应添加耐热主张；覆盖当前来源 4 款，均来自同一目录，供应商独立性未核验；需求、竞争、真实核价与利润证据未齐，不作为销量或盈利预测","否","12","0","unchanged"
"13","桌布","candidate","84.5","2","100","8.65","149.7","8.5","20","41;49","可复用大幅印花，但尺寸与桌型适配增加售后解释成本。；各商品入门SKU供货价中位数 ¥8.65（不含运费/包装/售后）；各商品同SKU物流参考重中位数 149.7g","大尺寸包裹和缩水风险需核验；多尺寸会增加图案裁切和库存管理复杂度；覆盖当前来源 2 款，均来自同一目录，供应商独立性未核验；需求、竞争、真实核价与利润证据未齐，不作为销量或盈利预测","否","13","0","unchanged"
"14","成人口水巾","candidate","82.1","1","100","6.5","96","6.5","23","87","布艺工艺可复用，但使用需求与清洁性能需专门验证。；各商品入门SKU供货价中位数 ¥6.5（不含运费/包装/售后）；各商品同SKU物流参考重中位数 96g","贴肤、吸水、清洗与佩戴便利度未知，不添加医疗功效主张；当前只有1款供应商品；不能代表整个市场或供应商多样性；需求、竞争、真实核价与利润证据未齐，不作为销量或盈利预测","否","14","0","unchanged"
"15","沙滩包","candidate","81.7","1","100","13.5","165","13.5","16.8","3","可复用布艺印花，先验证容量、提手和使用场景。；各商品入门SKU供货价中位数 ¥13.5（不含运费/包装/售后）；各商品同SKU物流参考重中位数 165g","使用场景与季节相关，当前没有季节需求证据；袋型与容量影响实物预期；当前只有1款供应商品；不能代表整个市场或供应商多样性；需求、竞争、真实核价与利润证据未齐，不作为销量或盈利预测","否","15","0","unchanged"
"16","祈祷垫","candidate","79.3","1","100","8","220.8","8","12","55","工艺可复用，图案、材质与使用场景需要专门验证。；各商品入门SKU供货价中位数 ¥8（不含运费/包装/售后）；各商品同SKU物流参考重中位数 220.8g","图案文化适配与用户舒适需求没有证据；当前只有1款供应商品；不能代表整个市场或供应商多样性；需求、竞争、真实核价与利润证据未齐，不作为销量或盈利预测","否","16","0","unchanged"
"17","家电防尘罩","candidate","79.2","3","100","8","300","8","14","86;85;92","布艺印花可复用，设备尺寸匹配决定售后复杂度。；各商品入门SKU供货价中位数 ¥8（不含运费/包装/售后）；各商品同SKU物流参考重中位数 300g","目标市场设备外形与尺寸需求尚未知；罩体使用场景、通风和设备运行要求需明确；覆盖当前来源 3 款，均来自同一目录，供应商独立性未核验；需求、竞争、真实核价与利润证据未齐，不作为销量或盈利预测","否","17","0","unchanged"
"18","布艺收纳箱与脏衣篓","candidate","77.9","3","100","8.6","316.8","8.6","13","57;107;42","可复用图案，折叠结构和承重需样品核对。；各商品入门SKU供货价中位数 ¥8.6（不含运费/包装/售后）；各商品同SKU物流参考重中位数 316.8g","折叠前后的体积不明确，运费不能按实重直接估计；支撑结构与提手强度需要核验；覆盖当前来源 3 款，均来自同一目录，供应商独立性未核验；需求、竞争、真实核价与利润证据未齐，不作为销量或盈利预测","否","24","6","up"
"19","行李箱套","candidate","77.8","1","100","12","130","12","15.3","48","布艺印花可复用，但箱体尺寸和开孔适配增加售后变量。；各商品入门SKU供货价中位数 ¥12（不含运费/包装/售后）；各商品同SKU物流参考重中位数 130g","箱型、把手位置与拉伸后的印花表现未知；当前只有1款供应商品；不能代表整个市场或供应商多样性；需求、竞争、真实核价与利润证据未齐，不作为销量或盈利预测","否","18","-1","down"
"20","桌面收纳盒","candidate","77.2","4","100","5.9","39.95","3.5","6","101;69;70","UV图案可迁移，但硬质印刷与结构样机需要新增适配。；各商品入门SKU供货价中位数 ¥5.9（不含运费/包装/售后）；各商品同SKU物流参考重中位数 39.95g","不同材质、闭合和表面附着力未实测；覆盖当前来源 4 款，均来自同一目录，供应商独立性未核验；需求、竞争、真实核价与利润证据未齐，不作为销量或盈利预测","否","19","-1","down"
"21","梳子与分装瓶","candidate","76","2","100","4.65","136.2","4.5","4.8","103;102","有图案迁移入口，使用功能和包装泄漏需要先验证。；各商品入门SKU供货价中位数 ¥4.65（不含运费/包装/售后）；各商品同SKU物流参考重中位数 136.2g","梳齿舒适度、瓶体密封与内容物兼容性无证据；覆盖当前来源 2 款，均来自同一目录，供应商独立性未核验；需求、竞争、真实核价与利润证据未齐，不作为销量或盈利预测","否","20","-1","down"
"22","盖毯与宠物毯","candidate","76","2","100","13.2","310.5","7.4","86","24;12","可复用大幅印花，厚度与套数组合会改变成本和运输。；各商品入门SKU供货价中位数 ¥13.2（不含运费/包装/售后）；各商品同SKU物流参考重中位数 310.5g","体积重、保暖手感与洗后起球未经验证；覆盖当前来源 2 款，均来自同一目录，供应商独立性未核验；需求、竞争、真实核价与利润证据未齐，不作为销量或盈利预测","否","21","-1","down"
"23","圣诞帽与椅套","candidate","76","2","100","8.88","303.6","5.15","35.8","93;94","布艺工艺可复用，季节销售窗口需要独立验证。；各商品入门SKU供货价中位数 ¥8.88（不含运费/包装/售后）；各商品同SKU物流参考重中位数 303.6g","季节窗口与备货截止日期未验证；椅套适配与帽子尺码有额外解释成本；覆盖当前来源 2 款，均来自同一目录，供应商独立性未核验；需求、竞争、真实核价与利润证据未齐，不作为销量或盈利预测","否","22","-1","down"
"24","木制装饰与DIY配件","candidate","72.7","4","100","8.5","81.8","7.5","10.5","71;75;72","平面图案可迁移，需新增UV样机与木材边缘质量验证。；各商品入门SKU供货价中位数 ¥8.5（不含运费/包装/售后）；各商品同SKU物流参考重中位数 81.8g","木材毛刺、翘曲与色差未经实测；覆盖当前来源 4 款，均来自同一目录，供应商独立性未核验；需求、竞争、真实核价与利润证据未齐，不作为销量或盈利预测","否","23","-1","down"
"25","手机阅读支架与壁架","candidate","71.7","3","100","7","85","4.8","12","63;66;67","可印刷但功能结构决定体验，需额外安装与稳定性验证。；各商品入门SKU供货价中位数 ¥7（不含运费/包装/售后）；各商品同SKU物流参考重中位数 85g","稳定、承重和安装配件完整性未验证；覆盖当前来源 3 款，均来自同一目录，供应商独立性未核验；需求、竞争、真实核价与利润证据未齐，不作为销量或盈利预测","否","25","0","unchanged"
"26","地垫与楼梯垫","candidate","71.2","7","100","6.84","816","4.5","52.6","14;95;27","可复用图案，但不同基材和防滑性能增加售后变量。；各商品入门SKU供货价中位数 ¥6.84（不含运费/包装/售后）；各商品同SKU物流参考重中位数 816g","目录存在明显重量跨度；多件装与单片必须分开核算；背胶、气味、防滑和清洁性能未经实测；覆盖当前来源 7 款，均来自同一目录，供应商独立性未核验；需求、竞争、真实核价与利润证据未齐，不作为销量或盈利预测","否","26","0","unchanged"
"27","手机壳","candidate","70.7","1","100","3","90","3","3","61","UV图案可复用，机型矩阵与开孔适配增加运营成本。；各商品入门SKU供货价中位数 ¥3（不含运费/包装/售后）；各商品同SKU物流参考重中位数 90g","多机型开孔、黄变和印花附着力未知；当前只有1款供应商品；不能代表整个市场或供应商多样性；需求、竞争、真实核价与利润证据未齐，不作为销量或盈利预测","否","27","0","unchanged"
"28","亚克力摆件","candidate","68.9","1","100","6.8","104","6.8","6.8","65","UV图案需新增材质适配，划伤和使用位置需要验证。；各商品入门SKU供货价中位数 ¥6.8（不含运费/包装/售后）；各商品同SKU物流参考重中位数 104g","烛台标题不能证明可以靠近明火，耐热性未知；亚克力划伤与运输破损未测试；当前只有1款供应商品；不能代表整个市场或供应商多样性；需求、竞争、真实核价与利润证据未齐，不作为销量或盈利预测","否","28","0","unchanged"
"29","棒球帽与网帽","candidate","68","2","100","7.5","888","7.5","7.5","83;84","需要帽型样机和局部烫画适配，先核对印区。；各商品入门SKU供货价中位数 ¥7.5（不含运费/包装/售后）；各商品同SKU物流参考重中位数 888g","帽型与头围、运输变形和烫画边缘是新增质量变量；覆盖当前来源 2 款，均来自同一目录，供应商独立性未核验；需求、竞争、真实核价与利润证据未齐，不作为销量或盈利预测","否","29","0","unchanged"
"30","浴裙与浴室帘垫套装","candidate","62.6","4","100","18.2","500","5.6","32.7","34;9;25","可复用图案，但尺码、配套数量和湿区使用要求提高复杂度。；各商品入门SKU供货价中位数 ¥18.2（不含运费/包装/售后）；各商品同SKU物流参考重中位数 500g","套装中的最低报价可能只是组件，需按SKU确认；贴肤、吸水、防滑和尺寸适配尚未验证；覆盖当前来源 4 款，均来自同一目录，供应商独立性未核验；需求、竞争、真实核价与利润证据未齐，不作为销量或盈利预测","否","30","0","unchanged"
"31","窗帘与户外天幕","candidate","62.5","2","100","16.45","406.3","15.29","22","52;51","印花可复用，大幅尺寸和功能主张提高试款门槛。；各商品入门SKU供货价中位数 ¥16.45（不含运费/包装/售后）；各商品同SKU物流参考重中位数 406.3g","防水、遮光、抗风、配件完整性未验证；覆盖当前来源 2 款，均来自同一目录，供应商独立性未核验；需求、竞争、真实核价与利润证据未齐，不作为销量或盈利预测","否","31","0","unchanged"
"32","汽车头枕套与车垫","candidate","59.5","3","100","14","842.4","6","15","50;100;98","印花可复用，车型适配与安装位置需要专项核对。；各商品入门SKU供货价中位数 ¥14（不含运费/包装/售后）；各商品同SKU物流参考重中位数 842.4g","通用车型声明没有验证；脚垫固定、踏板空间与安装影响需要实测；覆盖当前来源 3 款，均来自同一目录，供应商独立性未核验；需求、竞争、真实核价与利润证据未齐，不作为销量或盈利预测","否","32","0","unchanged"
"33","晴雨伞","candidate","55.1","2","100","22","350","22","22","81;82","可打印但曲面模板和机械结构带来新增质量工作。；各商品入门SKU供货价中位数 ¥22（不含运费/包装/售后）；各商品同SKU物流参考重中位数 350g","伞骨、自动开合、防水和UV防护主张均需实测；覆盖当前来源 2 款，均来自同一目录，供应商独立性未核验；需求、竞争、真实核价与利润证据未齐，不作为销量或盈利预测","否","33","0","unchanged"
"34","沙发椅套与坐垫","candidate","54","6","100","24.65","1040.6","8.5","81.2","90;91;31","图案可复用，但版型、套数、填充与大件履约需要额外工作。；各商品入门SKU供货价中位数 ¥24.65（不含运费/包装/售后）；各商品同SKU物流参考重中位数 1040.6g","目录重量跨度大，不能用最轻款代表全品类；实物适配与退货成本尚未验证；覆盖当前来源 6 款，均来自同一目录，供应商独立性未核验；需求、竞争、真实核价与利润证据未齐，不作为销量或盈利预测","否","34","0","unchanged"
"35","瑜伽垫","candidate","50.9","1","100","25.92","1508.8","25.92","43.2","99","有印花入口，但防滑、回弹和大包裹成本应先验证。；各商品入门SKU供货价中位数 ¥25.92（不含运费/包装/售后）；各商品同SKU物流参考重中位数 1508.8g","干湿防滑、回弹与气味未验证；当前只有1款供应商品；不能代表整个市场或供应商多样性；需求、竞争、真实核价与利润证据未齐，不作为销量或盈利预测","否","35","0","unchanged"
"36","骑行雨披","candidate","49.9","1","100","35.84","665.6","35.84","35.84","39","有印花入口，但防水、穿着和功能验证负担较高。；各商品入门SKU供货价中位数 ¥35.84（不含运费/包装/售后）；各商品同SKU物流参考重中位数 665.6g","源站归入沙滩椅垫，已按标题纠正分组；防水性能和骑行适用主张没有证据；当前只有1款供应商品；不能代表整个市场或供应商多样性；需求、竞争、真实核价与利润证据未齐，不作为销量或盈利预测","否","36","0","unchanged"
"","抱枕套（现有对照）","control","98.1","1","100","4.3","86.8","4.3","15.4","47","保留现有抱枕套作为同图案、同预算测试的基准。；各商品入门SKU供货价中位数 ¥4.3（不含运费/包装/售后）；各商品同SKU物流参考重中位数 86.8g","已有业务基础不等于该目录款已有验证利润；套数、尺寸与是否含芯必须清楚说明；当前只有1款供应商品；不能代表整个市场或供应商多样性；需求、竞争、真实核价与利润证据未齐，不作为销量或盈利预测","否","","","not_ranked"
"","儿童隔尿垫","review","70","1","100","9.7","291.2","9.7","33.5","8","先确认婴幼儿用品适用要求及材料证据，再进入初测。；各商品入门SKU供货价中位数 ¥9.7（不含运费/包装/售后）；各商品同SKU物流参考重中位数 291.2g","婴幼儿接触用途需要专项材料和安全证据，当前缺失；当前只有1款供应商品；不能代表整个市场或供应商多样性；需求、竞争、真实核价与利润证据未齐，不作为销量或盈利预测","否","","","not_ranked"
"","烟具与火柴配件","review","62.8","4","100","8.25","47.3","5.8","10.5","73;78;76","先核对真实内容物、用途和平台准入，再决定是否进入选品。；各商品入门SKU供货价中位数 ¥8.25（不含运费/包装/售后）；各商品同SKU物流参考重中位数 47.3g","烟具及火源相关用途的准入和运输条件尚未核验；不推断已违法或禁售；覆盖当前来源 4 款，均来自同一目录，供应商独立性未核验；需求、竞争、真实核价与利润证据未齐，不作为销量或盈利预测","否","","","not_ranked"
"","餐厨接触用品","review","62.5","3","100","12","310","7","12.35","64;35;36","接触食品用途、印区与材质证据补齐后再初测。；各商品入门SKU供货价中位数 ¥12（不含运费/包装/售后）；各商品同SKU物流参考重中位数 310g","当前缺少食品接触用途及印刷区域的适用证据；陶瓷破损与木制品表面处理需核对；覆盖当前来源 3 款，均来自同一目录，供应商独立性未核验；需求、竞争、真实核价与利润证据未齐，不作为销量或盈利预测","否","","","not_ranked"
"","宠物牵引绳","review","56.1","1","100","16.5","182.4","16.5","16.5","77","承力与回弹结构需要先验证，暂不作为普通印花初测类。；各商品入门SKU供货价中位数 ¥16.5（不含运费/包装/售后）；各商品同SKU物流参考重中位数 182.4g","牵引绳承重、锁止与回弹安全证据缺失；当前只有1款供应商品；不能代表整个市场或供应商多样性；需求、竞争、真实核价与利润证据未齐，不作为销量或盈利预测","否","","","not_ranked"
